Model ID,Learning Rate,timesteps,train_batch_size,train_num_steps,sampling_timesteps,Loss_avg,fid,T_sample
202408051202,8e-05,1000,16,1000,100,0.1380864530801773,93.18025891392915,0.1
202408051246,8e-05,1000,16,1000,100,0.14193981885910034,78.82661416489863,0.1
202408060156,8e-05,1000,16,2000,200,0.11482483148574829,61.03921952190963,0.1
202408060702,8e-05,1000,16,2000,200,0.23434023559093475,274.41742964750597,2.0
