Model ID,Learning Rate,timesteps,train_batch_size,train_num_steps,Loss_avg,fid
202408051202,8e-05,1000,16,1000,100,0.1380864530801773,93.18025891392915
202408051246,8e-05,1000,16,1000,100,0.14193981885910034,78.82661416489863
